,actual,predicted,date,team,opponent,result,new_team
26,0,0,2023-04-09,Arsenal,Liverpool,D,Arsenal
27,0,1,2023-04-16,Arsenal,West Ham,D,Arsenal
28,0,1,2023-04-21,Arsenal,Southampton,D,Arsenal
29,0,0,2023-04-26,Arsenal,Manchester City,L,Arsenal
30,1,0,2023-05-02,Arsenal,Chelsea,W,Arsenal
31,1,0,2023-05-07,Arsenal,Newcastle Utd,W,Arsenal
32,0,0,2023-05-14,Arsenal,Brighton,L,Arsenal
33,0,0,2023-05-20,Arsenal,Nott'ham Forest,L,Arsenal
34,1,1,2023-05-28,Arsenal,Wolves,W,Arsenal
35,1,1,2023-08-12,Arsenal,Nott'ham Forest,W,Arsenal
36,1,1,2023-08-21,Arsenal,Crystal Palace,W,Arsenal
37,0,1,2023-08-26,Arsenal,Fulham,D,Arsenal
38,1,1,2023-09-03,Arsenal,Manchester Utd,W,Arsenal
39,1,1,2023-09-17,Arsenal,Everton,W,Arsenal
40,0,1,2023-09-24,Arsenal,Tottenham,D,Arsenal
41,1,1,2023-09-30,Arsenal,Bournemouth,W,Arsenal
42,1,1,2023-10-08,Arsenal,Manchester City,W,Arsenal
43,0,1,2023-10-21,Arsenal,Chelsea,D,Arsenal
44,1,1,2023-10-28,Arsenal,Sheffield Utd,W,Arsenal
45,0,0,2023-11-04,Arsenal,Newcastle Utd,L,Arsenal
46,1,1,2023-11-11,Arsenal,Burnley,W,Arsenal
47,1,1,2023-11-25,Arsenal,Brentford,W,Arsenal
48,1,1,2023-12-02,Arsenal,Wolves,W,Arsenal
49,1,0,2023-12-05,Arsenal,Luton Town,W,Arsenal
50,0,0,2023-12-09,Arsenal,Aston Villa,L,Arsenal
51,1,1,2023-12-17,Arsenal,Brighton,W,Arsenal
52,0,0,2023-12-23,Arsenal,Liverpool,D,Arsenal
53,0,1,2023-12-28,Arsenal,West Ham,L,Arsenal
54,0,0,2023-12-31,Arsenal,Fulham,L,Arsenal
80,1,1,2023-04-04,Aston Villa,Leicester City,W,Aston Villa
81,1,1,2023-04-08,Aston Villa,Nott'ham Forest,W,Aston Villa
82,1,0,2023-04-15,Aston Villa,Newcastle Utd,W,Aston Villa
83,0,0,2023-04-22,Aston Villa,Brentford,D,Aston Villa
84,1,1,2023-04-25,Aston Villa,Fulham,W,Aston Villa
85,0,0,2023-04-30,Aston Villa,Manchester Utd,L,Aston Villa
86,0,0,2023-05-06,Aston Villa,Wolves,L,Aston Villa
87,1,0,2023-05-13,Aston Villa,Tottenham,W,Aston Villa
88,0,0,2023-05-20,Aston Villa,Liverpool,D,Aston Villa
89,1,0,2023-05-28,Aston Villa,Brighton,W,Aston Villa
90,0,0,2023-08-12,Aston Villa,Newcastle Utd,L,Aston Villa
91,1,0,2023-08-20,Aston Villa,Everton,W,Aston Villa
92,1,0,2023-08-27,Aston Villa,Burnley,W,Aston Villa
93,0,0,2023-09-03,Aston Villa,Liverpool,L,Aston Villa
94,1,1,2023-09-16,Aston Villa,Crystal Palace,W,Aston Villa
95,1,1,2023-09-24,Aston Villa,Chelsea,W,Aston Villa
96,1,0,2023-09-30,Aston Villa,Brighton,W,Aston Villa
97,0,1,2023-10-08,Aston Villa,Wolves,D,Aston Villa
98,1,1,2023-10-22,Aston Villa,West Ham,W,Aston Villa
99,1,1,2023-10-29,Aston Villa,Luton Town,W,Aston Villa
100,0,1,2023-11-05,Aston Villa,Nott'ham Forest,L,Aston Villa
101,1,1,2023-11-12,Aston Villa,Fulham,W,Aston Villa
102,1,1,2023-11-26,Aston Villa,Tottenham,W,Aston Villa
103,0,0,2023-12-03,Aston Villa,Bournemouth,D,Aston Villa
104,1,0,2023-12-06,Aston Villa,Manchester City,W,Aston Villa
105,1,0,2023-12-09,Aston Villa,Arsenal,W,Aston Villa
106,1,0,2023-12-17,Aston Villa,Brentford,W,Aston Villa
107,0,1,2023-12-22,Aston Villa,Sheffield Utd,D,Aston Villa
108,0,0,2023-12-26,Aston Villa,Manchester Utd,L,Aston Villa
109,1,0,2023-12-30,Aston Villa,Burnley,W,Aston Villa
135,0,0,2023-04-04,Bournemouth,Brighton,L,Bournemouth
136,1,0,2023-04-08,Bournemouth,Leicester City,W,Bournemouth
137,1,0,2023-04-15,Bournemouth,Tottenham,W,Bournemouth
138,0,1,2023-04-23,Bournemouth,West Ham,L,Bournemouth
139,1,0,2023-04-27,Bournemouth,Southampton,W,Bournemouth
140,1,1,2023-04-30,Bournemouth,Leeds United,W,Bournemouth
141,0,1,2023-05-06,Bournemouth,Chelsea,L,Bournemouth
142,0,0,2023-05-13,Bournemouth,Crystal Palace,L,Bournemouth
143,0,0,2023-05-20,Bournemouth,Manchester Utd,L,Bournemouth
144,0,0,2023-05-28,Bournemouth,Everton,L,Bournemouth
145,0,0,2023-08-12,Bournemouth,West Ham,D,Bournemouth
146,0,0,2023-08-19,Bournemouth,Liverpool,L,Bournemouth
147,0,0,2023-08-26,Bournemouth,Tottenham,L,Bournemouth
148,0,0,2023-09-02,Bournemouth,Brentford,D,Bournemouth
149,0,0,2023-09-17,Bournemouth,Chelsea,D,Bournemouth
150,0,0,2023-09-24,Bournemouth,Brighton,L,Bournemouth
151,0,0,2023-09-30,Bournemouth,Arsenal,L,Bournemouth
152,0,0,2023-10-07,Bournemouth,Everton,L,Bournemouth
153,0,0,2023-10-21,Bournemouth,Wolves,L,Bournemouth
154,1,0,2023-10-28,Bournemouth,Burnley,W,Bournemouth
155,0,0,2023-11-04,Bournemouth,Manchester City,L,Bournemouth
156,1,0,2023-11-11,Bournemouth,Newcastle Utd,W,Bournemouth
157,1,0,2023-11-25,Bournemouth,Sheffield Utd,W,Bournemouth
158,0,0,2023-12-03,Bournemouth,Aston Villa,D,Bournemouth
159,1,0,2023-12-06,Bournemouth,Crystal Palace,W,Bournemouth
160,1,0,2023-12-09,Bournemouth,Manchester Utd,W,Bournemouth
161,1,1,2023-12-23,Bournemouth,Nott'ham Forest,W,Bournemouth
162,1,1,2023-12-26,Bournemouth,Fulham,W,Bournemouth
163,0,0,2023-12-31,Bournemouth,Tottenham,L,Bournemouth
189,0,0,2023-04-05,Brentford,Manchester Utd,L,Brentford
190,0,0,2023-04-08,Brentford,Newcastle Utd,L,Brentford
191,0,0,2023-04-15,Brentford,Wolves,L,Brentford
192,0,0,2023-04-22,Brentford,Aston Villa,D,Brentford
193,1,0,2023-04-26,Brentford,Chelsea,W,Brentford
194,1,0,2023-04-29,Brentford,Nott'ham Forest,W,Brentford
195,0,0,2023-05-06,Brentford,Liverpool,L,Brentford
196,1,1,2023-05-14,Brentford,West Ham,W,Brentford
197,1,0,2023-05-20,Brentford,Tottenham,W,Brentford
198,1,1,2023-05-28,Brentford,Manchester City,W,Brentford
199,0,1,2023-08-13,Brentford,Tottenham,D,Brentford
200,1,1,2023-08-19,Brentford,Fulham,W,Brentford
201,0,0,2023-08-26,Brentford,Crystal Palace,D,Brentford
202,0,0,2023-09-02,Brentford,Bournemouth,D,Brentford
203,0,0,2023-09-16,Brentford,Newcastle Utd,L,Brentford
204,0,0,2023-09-23,Brentford,Everton,L,Brentford
205,0,0,2023-10-01,Brentford,Nott'ham Forest,D,Brentford
206,0,0,2023-10-07,Brentford,Manchester Utd,L,Brentford
207,1,0,2023-10-21,Brentford,Burnley,W,Brentford
208,1,0,2023-10-28,Brentford,Chelsea,W,Brentford
209,1,1,2023-11-04,Brentford,West Ham,W,Brentford
210,0,0,2023-11-12,Brentford,Liverpool,L,Brentford
211,0,0,2023-11-25,Brentford,Arsenal,L,Brentford
212,1,0,2023-12-02,Brentford,Luton Town,W,Brentford
213,0,0,2023-12-06,Brentford,Brighton,L,Brentford
214,0,0,2023-12-09,Brentford,Sheffield Utd,L,Brentford
215,0,1,2023-12-17,Brentford,Aston Villa,L,Brentford
216,0,0,2023-12-27,Brentford,Wolves,L,Brentford
217,0,0,2023-12-30,Brentford,Crystal Palace,L,Brentford
241,1,1,2023-04-04,Brighton and Hove Albion,Bournemouth,W,Brighton
242,0,0,2023-04-08,Brighton and Hove Albion,Tottenham,L,Brighton
243,1,0,2023-04-15,Brighton and Hove Albion,Chelsea,W,Brighton
244,0,1,2023-04-26,Brighton and Hove Albion,Nott'ham Forest,L,Brighton
245,1,1,2023-04-29,Brighton and Hove Albion,Wolves,W,Brighton
246,1,1,2023-05-04,Brighton and Hove Albion,Manchester Utd,W,Brighton
247,0,1,2023-05-08,Brighton and Hove Albion,Everton,L,Brighton
248,1,0,2023-05-14,Brighton and Hove Albion,Arsenal,W,Brighton
249,0,0,2023-05-18,Brighton and Hove Albion,Newcastle Utd,L,Brighton
250,1,0,2023-05-21,Brighton and Hove Albion,Southampton,W,Brighton
251,0,1,2023-05-24,Brighton and Hove Albion,Manchester City,D,Brighton
252,0,0,2023-05-28,Brighton and Hove Albion,Aston Villa,L,Brighton
253,1,1,2023-08-12,Brighton and Hove Albion,Luton Town,W,Brighton
254,1,0,2023-08-19,Brighton and Hove Albion,Wolves,W,Brighton
255,0,1,2023-08-26,Brighton and Hove Albion,West Ham,L,Brighton
256,1,1,2023-09-02,Brighton and Hove Albion,Newcastle Utd,W,Brighton
257,1,0,2023-09-16,Brighton and Hove Albion,Manchester Utd,W,Brighton
258,1,1,2023-09-24,Brighton and Hove Albion,Bournemouth,W,Brighton
259,0,0,2023-09-30,Brighton and Hove Albion,Aston Villa,L,Brighton
260,0,0,2023-10-08,Brighton and Hove Albion,Liverpool,D,Brighton
261,0,0,2023-10-21,Brighton and Hove Albion,Manchester City,L,Brighton
262,0,0,2023-10-29,Brighton and Hove Albion,Fulham,D,Brighton
263,0,0,2023-11-04,Brighton and Hove Albion,Everton,D,Brighton
264,0,1,2023-11-12,Brighton and Hove Albion,Sheffield Utd,D,Brighton
265,1,0,2023-11-25,Brighton and Hove Albion,Nott'ham Forest,W,Brighton
266,0,0,2023-12-03,Brighton and Hove Albion,Chelsea,L,Brighton
267,1,1,2023-12-06,Brighton and Hove Albion,Brentford,W,Brighton
268,0,1,2023-12-09,Brighton and Hove Albion,Burnley,D,Brighton
269,0,0,2023-12-17,Brighton and Hove Albion,Arsenal,L,Brighton
270,0,0,2023-12-21,Brighton and Hove Albion,Crystal Palace,D,Brighton
271,1,1,2023-12-28,Brighton and Hove Albion,Tottenham,W,Brighton
272,0,0,2024-01-02,Brighton and Hove Albion,West Ham,D,Brighton
273,0,0,2023-09-18,Burnley,Nott'ham Forest,D,Burnley
274,0,0,2023-09-23,Burnley,Manchester Utd,L,Burnley
275,0,0,2023-09-30,Burnley,Newcastle Utd,L,Burnley
276,1,0,2023-10-03,Burnley,Luton Town,W,Burnley
277,0,0,2023-10-07,Burnley,Chelsea,L,Burnley
278,0,0,2023-10-21,Burnley,Brentford,L,Burnley
279,0,0,2023-10-28,Burnley,Bournemouth,L,Burnley
280,0,0,2023-11-04,Burnley,Crystal Palace,L,Burnley
281,0,0,2023-11-11,Burnley,Arsenal,L,Burnley
282,0,0,2023-11-25,Burnley,West Ham,L,Burnley
283,1,0,2023-12-02,Burnley,Sheffield Utd,W,Burnley
284,0,1,2023-12-05,Burnley,Wolves,L,Burnley
285,0,0,2023-12-09,Burnley,Brighton,D,Burnley
286,0,0,2023-12-16,Burnley,Everton,L,Burnley
287,1,0,2023-12-23,Burnley,Fulham,W,Burnley
288,0,0,2023-12-26,Burnley,Liverpool,L,Burnley
289,0,0,2023-12-30,Burnley,Aston Villa,L,Burnley
315,0,1,2023-04-04,Chelsea,Liverpool,D,Chelsea
316,0,1,2023-04-08,Chelsea,Wolves,L,Chelsea
317,0,0,2023-04-15,Chelsea,Brighton,L,Chelsea
318,0,0,2023-04-26,Chelsea,Brentford,L,Chelsea
319,0,0,2023-05-02,Chelsea,Arsenal,L,Chelsea
320,1,0,2023-05-06,Chelsea,Bournemouth,W,Chelsea
321,0,0,2023-05-13,Chelsea,Nott'ham Forest,D,Chelsea
322,0,0,2023-05-21,Chelsea,Manchester City,L,Chelsea
323,0,0,2023-05-25,Chelsea,Manchester Utd,L,Chelsea
324,0,0,2023-05-28,Chelsea,Newcastle Utd,D,Chelsea
325,0,1,2023-08-13,Chelsea,Liverpool,D,Chelsea
326,0,1,2023-08-20,Chelsea,West Ham,L,Chelsea
327,1,1,2023-08-25,Chelsea,Luton Town,W,Chelsea
328,0,0,2023-09-02,Chelsea,Nott'ham Forest,L,Chelsea
329,0,0,2023-09-17,Chelsea,Bournemouth,D,Chelsea
330,0,1,2023-09-24,Chelsea,Aston Villa,L,Chelsea
331,1,0,2023-10-02,Chelsea,Fulham,W,Chelsea
332,1,0,2023-10-07,Chelsea,Burnley,W,Chelsea
333,0,0,2023-10-21,Chelsea,Arsenal,D,Chelsea
334,0,0,2023-10-28,Chelsea,Brentford,L,Chelsea
335,1,1,2023-11-06,Chelsea,Tottenham,W,Chelsea
336,0,0,2023-11-12,Chelsea,Manchester City,D,Chelsea
337,0,0,2023-11-25,Chelsea,Newcastle Utd,L,Chelsea
338,1,0,2023-12-03,Chelsea,Brighton,W,Chelsea
339,0,0,2023-12-06,Chelsea,Manchester Utd,L,Chelsea
340,0,0,2023-12-10,Chelsea,Everton,L,Chelsea
341,1,0,2023-12-16,Chelsea,Sheffield Utd,W,Chelsea
342,0,0,2023-12-24,Chelsea,Wolves,L,Chelsea
343,1,0,2023-12-27,Chelsea,Crystal Palace,W,Chelsea
344,1,0,2023-12-30,Chelsea,Luton Town,W,Chelsea
371,1,1,2023-04-09,Crystal Palace,Leeds United,W,Crystal Palace
372,1,1,2023-04-15,Crystal Palace,Southampton,W,Crystal Palace
373,0,1,2023-04-22,Crystal Palace,Everton,D,Crystal Palace
374,0,1,2023-04-25,Crystal Palace,Wolves,L,Crystal Palace
375,1,0,2023-04-29,Crystal Palace,West Ham,W,Crystal Palace
376,0,0,2023-05-06,Crystal Palace,Tottenham,L,Crystal Palace
377,1,0,2023-05-13,Crystal Palace,Bournemouth,W,Crystal Palace
378,0,0,2023-05-20,Crystal Palace,Fulham,D,Crystal Palace
379,0,1,2023-05-28,Crystal Palace,Nott'ham Forest,D,Crystal Palace
380,1,0,2023-08-12,Crystal Palace,Sheffield Utd,W,Crystal Palace
381,0,1,2023-08-21,Crystal Palace,Arsenal,L,Crystal Palace
382,0,0,2023-08-26,Crystal Palace,Brentford,D,Crystal Palace
383,1,1,2023-09-03,Crystal Palace,Wolves,W,Crystal Palace
384,0,0,2023-09-16,Crystal Palace,Aston Villa,L,Crystal Palace
385,0,0,2023-09-23,Crystal Palace,Fulham,D,Crystal Palace
386,1,0,2023-09-30,Crystal Palace,Manchester Utd,W,Crystal Palace
387,0,0,2023-10-07,Crystal Palace,Nott'ham Forest,D,Crystal Palace
388,0,0,2023-10-21,Crystal Palace,Newcastle Utd,L,Crystal Palace
389,0,0,2023-10-27,Crystal Palace,Tottenham,L,Crystal Palace
390,1,0,2023-11-04,Crystal Palace,Burnley,W,Crystal Palace
391,0,0,2023-11-11,Crystal Palace,Everton,L,Crystal Palace
392,0,0,2023-11-25,Crystal Palace,Luton Town,L,Crystal Palace
393,0,0,2023-12-03,Crystal Palace,West Ham,D,Crystal Palace
394,0,0,2023-12-06,Crystal Palace,Bournemouth,L,Crystal Palace
395,0,0,2023-12-09,Crystal Palace,Liverpool,L,Crystal Palace
396,0,0,2023-12-16,Crystal Palace,Manchester City,D,Crystal Palace
397,0,0,2023-12-21,Crystal Palace,Brighton,D,Crystal Palace
398,0,0,2023-12-27,Crystal Palace,Chelsea,L,Crystal Palace
399,1,0,2023-12-30,Crystal Palace,Brentford,W,Crystal Palace
425,0,0,2023-04-03,Everton,Tottenham,D,Everton
426,0,0,2023-04-08,Everton,Manchester Utd,L,Everton
427,0,0,2023-04-15,Everton,Fulham,L,Everton
428,0,0,2023-04-22,Everton,Crystal Palace,D,Everton
429,0,0,2023-04-27,Everton,Newcastle Utd,L,Everton
430,0,0,2023-05-01,Everton,Leicester City,D,Everton
431,1,0,2023-05-08,Everton,Brighton,W,Everton
432,0,0,2023-05-14,Everton,Manchester City,L,Everton
433,0,1,2023-05-20,Everton,Wolves,D,Everton
434,1,1,2023-05-28,Everton,Bournemouth,W,Everton
435,0,0,2023-08-12,Everton,Fulham,L,Everton
436,0,0,2023-08-20,Everton,Aston Villa,L,Everton
437,0,1,2023-08-26,Everton,Wolves,L,Everton
438,0,0,2023-09-02,Everton,Sheffield Utd,D,Everton
439,0,0,2023-09-17,Everton,Arsenal,L,Everton
440,1,0,2023-09-23,Everton,Brentford,W,Everton
441,0,0,2023-09-30,Everton,Luton Town,L,Everton
442,1,1,2023-10-07,Everton,Bournemouth,W,Everton
443,0,0,2023-10-21,Everton,Liverpool,L,Everton
444,1,1,2023-10-29,Everton,West Ham,W,Everton
445,0,0,2023-11-04,Everton,Brighton,D,Everton
446,1,0,2023-11-11,Everton,Crystal Palace,W,Everton
447,0,1,2023-11-26,Everton,Manchester Utd,L,Everton
448,1,0,2023-12-02,Everton,Nott'ham Forest,W,Everton
449,1,0,2023-12-07,Everton,Newcastle Utd,W,Everton
450,1,0,2023-12-10,Everton,Chelsea,W,Everton
451,1,0,2023-12-16,Everton,Burnley,W,Everton
452,0,1,2023-12-23,Everton,Tottenham,L,Everton
453,0,1,2023-12-27,Everton,Manchester City,L,Everton
454,0,0,2023-12-30,Everton,Wolves,L,Everton
480,0,0,2023-04-08,Fulham,West Ham,L,Fulham
481,1,0,2023-04-15,Fulham,Everton,W,Fulham
482,1,1,2023-04-22,Fulham,Leeds United,W,Fulham
483,0,0,2023-04-25,Fulham,Aston Villa,L,Fulham
484,0,0,2023-04-30,Fulham,Manchester City,L,Fulham
485,0,0,2023-05-03,Fulham,Liverpool,L,Fulham
486,1,1,2023-05-08,Fulham,Leicester City,W,Fulham
487,1,0,2023-05-13,Fulham,Southampton,W,Fulham
488,0,0,2023-05-20,Fulham,Crystal Palace,D,Fulham
489,0,0,2023-05-28,Fulham,Manchester Utd,L,Fulham
490,1,0,2023-08-12,Fulham,Everton,W,Fulham
491,0,0,2023-08-19,Fulham,Brentford,L,Fulham
492,0,0,2023-08-26,Fulham,Arsenal,D,Fulham
493,0,0,2023-09-02,Fulham,Manchester City,L,Fulham
494,1,0,2023-09-16,Fulham,Luton Town,W,Fulham
495,0,0,2023-09-23,Fulham,Crystal Palace,D,Fulham
496,0,0,2023-10-02,Fulham,Chelsea,L,Fulham
497,1,0,2023-10-07,Fulham,Sheffield Utd,W,Fulham
498,0,0,2023-10-23,Fulham,Tottenham,L,Fulham
499,0,0,2023-10-29,Fulham,Brighton,D,Fulham
500,0,0,2023-11-04,Fulham,Manchester Utd,L,Fulham
501,0,0,2023-11-12,Fulham,Aston Villa,L,Fulham
502,1,0,2023-11-27,Fulham,Wolves,W,Fulham
503,0,0,2023-12-03,Fulham,Liverpool,L,Fulham
504,1,0,2023-12-06,Fulham,Nott'ham Forest,W,Fulham
505,1,0,2023-12-10,Fulham,West Ham,W,Fulham
506,0,0,2023-12-16,Fulham,Newcastle Utd,L,Fulham
507,0,1,2023-12-23,Fulham,Burnley,L,Fulham
508,0,0,2023-12-26,Fulham,Bournemouth,L,Fulham
509,1,0,2023-12-31,Fulham,Arsenal,W,Fulham
535,1,0,2023-04-04,Leeds United,Nott'ham Forest,W,Leeds United
536,0,0,2023-04-09,Leeds United,Crystal Palace,L,Leeds United
537,0,1,2023-04-17,Leeds United,Liverpool,L,Leeds United
538,0,0,2023-04-22,Leeds United,Fulham,L,Leeds United
539,0,0,2023-04-25,Leeds United,Leicester City,D,Leeds United
540,0,0,2023-04-30,Leeds United,Bournemouth,L,Leeds United
541,0,0,2023-05-06,Leeds United,Manchester City,L,Leeds United
542,0,0,2023-05-13,Leeds United,Newcastle Utd,D,Leeds United
543,0,0,2023-05-21,Leeds United,West Ham,L,Leeds United
544,0,0,2023-05-28,Leeds United,Tottenham,L,Leeds United
570,0,0,2023-04-04,Leicester City,Aston Villa,L,Leicester City
571,0,0,2023-04-08,Leicester City,Bournemouth,L,Leicester City
572,0,0,2023-04-15,Leicester City,Manchester City,L,Leicester City
573,1,0,2023-04-22,Leicester City,Wolves,W,Leicester City
574,0,0,2023-04-25,Leicester City,Leeds United,D,Leicester City
575,0,1,2023-05-01,Leicester City,Everton,D,Leicester City
576,0,0,2023-05-08,Leicester City,Fulham,L,Leicester City
577,0,0,2023-05-15,Leicester City,Liverpool,L,Leicester City
578,0,0,2023-05-22,Leicester City,Newcastle Utd,D,Leicester City
579,1,0,2023-05-28,Leicester City,West Ham,W,Leicester City
604,0,1,2023-04-04,Liverpool,Chelsea,D,Liverpool
605,0,0,2023-04-09,Liverpool,Arsenal,D,Liverpool
606,1,0,2023-04-17,Liverpool,Leeds United,W,Liverpool
607,1,1,2023-04-22,Liverpool,Nott'ham Forest,W,Liverpool
608,1,1,2023-04-26,Liverpool,West Ham,W,Liverpool
609,1,1,2023-04-30,Liverpool,Tottenham,W,Liverpool
610,1,1,2023-05-03,Liverpool,Fulham,W,Liverpool
611,1,1,2023-05-06,Liverpool,Brentford,W,Liverpool
612,1,1,2023-05-15,Liverpool,Leicester City,W,Liverpool
613,0,0,2023-05-20,Liverpool,Aston Villa,D,Liverpool
614,0,0,2023-05-28,Liverpool,Southampton,D,Liverpool
615,0,0,2023-08-13,Liverpool,Chelsea,D,Liverpool
616,1,1,2023-08-19,Liverpool,Bournemouth,W,Liverpool
617,1,0,2023-08-27,Liverpool,Newcastle Utd,W,Liverpool
618,1,1,2023-09-03,Liverpool,Aston Villa,W,Liverpool
619,1,1,2023-09-16,Liverpool,Wolves,W,Liverpool
620,1,1,2023-09-24,Liverpool,West Ham,W,Liverpool
621,0,1,2023-09-30,Liverpool,Tottenham,L,Liverpool
622,0,1,2023-10-08,Liverpool,Brighton,D,Liverpool
623,1,1,2023-10-21,Liverpool,Everton,W,Liverpool
624,1,1,2023-10-29,Liverpool,Nott'ham Forest,W,Liverpool
625,0,0,2023-11-05,Liverpool,Luton Town,D,Liverpool
626,1,1,2023-11-12,Liverpool,Brentford,W,Liverpool
627,0,0,2023-11-25,Liverpool,Manchester City,D,Liverpool
628,1,1,2023-12-03,Liverpool,Fulham,W,Liverpool
629,1,1,2023-12-06,Liverpool,Sheffield Utd,W,Liverpool
630,1,0,2023-12-09,Liverpool,Crystal Palace,W,Liverpool
631,0,1,2023-12-17,Liverpool,Manchester Utd,D,Liverpool
632,0,1,2023-12-23,Liverpool,Arsenal,D,Liverpool
633,1,0,2023-12-26,Liverpool,Burnley,W,Liverpool
634,1,1,2024-01-01,Liverpool,Newcastle Utd,W,Liverpool
635,0,0,2023-09-16,Luton Town,Fulham,L,Luton Town
636,0,0,2023-09-23,Luton Town,Wolves,D,Luton Town
637,1,0,2023-09-30,Luton Town,Everton,W,Luton Town
638,0,0,2023-10-03,Luton Town,Burnley,L,Luton Town
639,0,1,2023-10-07,Luton Town,Tottenham,L,Luton Town
640,0,0,2023-10-21,Luton Town,Nott'ham Forest,D,Luton Town
641,0,0,2023-10-29,Luton Town,Aston Villa,L,Luton Town
642,0,0,2023-11-05,Luton Town,Liverpool,D,Luton Town
643,0,0,2023-11-11,Luton Town,Manchester Utd,L,Luton Town
644,1,0,2023-11-25,Luton Town,Crystal Palace,W,Luton Town
645,0,0,2023-12-02,Luton Town,Brentford,L,Luton Town
646,0,0,2023-12-05,Luton Town,Arsenal,L,Luton Town
647,0,0,2023-12-10,Luton Town,Manchester City,L,Luton Town
648,1,0,2023-12-23,Luton Town,Newcastle Utd,W,Luton Town
649,1,0,2023-12-26,Luton Town,Sheffield Utd,W,Luton Town
650,0,0,2023-12-30,Luton Town,Chelsea,L,Luton Town
676,1,0,2023-04-08,Manchester City,Southampton,W,Manchester City
677,1,1,2023-04-15,Manchester City,Leicester City,W,Manchester City
678,1,1,2023-04-26,Manchester City,Arsenal,W,Manchester City
679,1,1,2023-04-30,Manchester City,Fulham,W,Manchester City
680,1,1,2023-05-03,Manchester City,West Ham,W,Manchester City
681,1,1,2023-05-06,Manchester City,Leeds United,W,Manchester City
682,1,1,2023-05-14,Manchester City,Everton,W,Manchester City
683,1,1,2023-05-21,Manchester City,Chelsea,W,Manchester City
684,0,0,2023-05-24,Manchester City,Brighton,D,Manchester City
685,0,0,2023-05-28,Manchester City,Brentford,L,Manchester City
686,1,0,2023-08-11,Manchester City,Burnley,W,Manchester City
687,1,1,2023-08-19,Manchester City,Newcastle Utd,W,Manchester City
688,1,0,2023-08-27,Manchester City,Sheffield Utd,W,Manchester City
689,1,1,2023-09-02,Manchester City,Fulham,W,Manchester City
690,1,1,2023-09-16,Manchester City,West Ham,W,Manchester City
691,1,1,2023-09-23,Manchester City,Nott'ham Forest,W,Manchester City
692,0,1,2023-09-30,Manchester City,Wolves,L,Manchester City
693,0,0,2023-10-08,Manchester City,Arsenal,L,Manchester City
694,1,0,2023-10-21,Manchester City,Brighton,W,Manchester City
695,1,0,2023-10-29,Manchester City,Manchester Utd,W,Manchester City
696,1,1,2023-11-04,Manchester City,Bournemouth,W,Manchester City
697,0,1,2023-11-12,Manchester City,Chelsea,D,Manchester City
698,0,0,2023-11-25,Manchester City,Liverpool,D,Manchester City
699,0,1,2023-12-03,Manchester City,Tottenham,D,Manchester City
700,0,0,2023-12-06,Manchester City,Aston Villa,L,Manchester City
701,1,0,2023-12-10,Manchester City,Luton Town,W,Manchester City
702,0,1,2023-12-16,Manchester City,Crystal Palace,D,Manchester City
703,1,0,2023-12-27,Manchester City,Everton,W,Manchester City
704,1,1,2023-12-30,Manchester City,Sheffield Utd,W,Manchester City
728,0,0,2023-04-02,Manchester United,Newcastle Utd,L,Manchester Utd
729,1,0,2023-04-05,Manchester United,Brentford,W,Manchester Utd
730,1,0,2023-04-08,Manchester United,Everton,W,Manchester Utd
731,1,0,2023-04-16,Manchester United,Nott'ham Forest,W,Manchester Utd
732,0,1,2023-04-27,Manchester United,Tottenham,D,Manchester Utd
733,1,1,2023-04-30,Manchester United,Aston Villa,W,Manchester Utd
734,0,0,2023-05-04,Manchester United,Brighton,L,Manchester Utd
735,0,1,2023-05-07,Manchester United,West Ham,L,Manchester Utd
736,1,1,2023-05-13,Manchester United,Wolves,W,Manchester Utd
737,1,0,2023-05-20,Manchester United,Bournemouth,W,Manchester Utd
738,1,1,2023-05-25,Manchester United,Chelsea,W,Manchester Utd
739,1,1,2023-05-28,Manchester United,Fulham,W,Manchester Utd
740,1,1,2023-08-14,Manchester United,Wolves,W,Manchester Utd
741,0,1,2023-08-19,Manchester United,Tottenham,L,Manchester Utd
742,1,1,2023-08-26,Manchester United,Nott'ham Forest,W,Manchester Utd
743,0,0,2023-09-03,Manchester United,Arsenal,L,Manchester Utd
744,0,1,2023-09-16,Manchester United,Brighton,L,Manchester Utd
745,1,0,2023-09-23,Manchester United,Burnley,W,Manchester Utd
746,0,0,2023-09-30,Manchester United,Crystal Palace,L,Manchester Utd
747,1,0,2023-10-07,Manchester United,Brentford,W,Manchester Utd
748,1,0,2023-10-21,Manchester United,Sheffield Utd,W,Manchester Utd
749,0,1,2023-10-29,Manchester United,Manchester City,L,Manchester Utd
750,1,0,2023-11-04,Manchester United,Fulham,W,Manchester Utd
751,1,0,2023-11-11,Manchester United,Luton Town,W,Manchester Utd
752,1,0,2023-11-26,Manchester United,Everton,W,Manchester Utd
753,0,0,2023-12-02,Manchester United,Newcastle Utd,L,Manchester Utd
754,1,0,2023-12-06,Manchester United,Chelsea,W,Manchester Utd
755,0,1,2023-12-09,Manchester United,Bournemouth,L,Manchester Utd
756,0,0,2023-12-17,Manchester United,Liverpool,D,Manchester Utd
757,0,1,2023-12-23,Manchester United,West Ham,L,Manchester Utd
758,1,0,2023-12-26,Manchester United,Aston Villa,W,Manchester Utd
759,0,0,2023-12-30,Manchester United,Nott'ham Forest,L,Manchester Utd
783,1,0,2023-04-02,Newcastle United,Manchester Utd,W,Newcastle Utd
784,1,1,2023-04-05,Newcastle United,West Ham,W,Newcastle Utd
785,1,1,2023-04-08,Newcastle United,Brentford,W,Newcastle Utd
786,0,0,2023-04-15,Newcastle United,Aston Villa,L,Newcastle Utd
787,1,1,2023-04-23,Newcastle United,Tottenham,W,Newcastle Utd
788,1,1,2023-04-27,Newcastle United,Everton,W,Newcastle Utd
789,1,1,2023-04-30,Newcastle United,Southampton,W,Newcastle Utd
790,0,1,2023-05-07,Newcastle United,Arsenal,L,Newcastle Utd
791,0,0,2023-05-13,Newcastle United,Leeds United,D,Newcastle Utd
792,1,0,2023-05-18,Newcastle United,Brighton,W,Newcastle Utd
793,0,1,2023-05-22,Newcastle United,Leicester City,D,Newcastle Utd
794,0,0,2023-05-28,Newcastle United,Chelsea,D,Newcastle Utd
795,1,0,2023-08-12,Newcastle United,Aston Villa,W,Newcastle Utd
796,0,1,2023-08-19,Newcastle United,Manchester City,L,Newcastle Utd
797,0,1,2023-08-27,Newcastle United,Liverpool,L,Newcastle Utd
798,0,0,2023-09-02,Newcastle United,Brighton,L,Newcastle Utd
799,1,0,2023-09-16,Newcastle United,Brentford,W,Newcastle Utd
800,1,0,2023-09-24,Newcastle United,Sheffield Utd,W,Newcastle Utd
801,1,1,2023-09-30,Newcastle United,Burnley,W,Newcastle Utd
802,0,1,2023-10-08,Newcastle United,West Ham,D,Newcastle Utd
803,1,1,2023-10-21,Newcastle United,Crystal Palace,W,Newcastle Utd
804,0,1,2023-10-28,Newcastle United,Wolves,D,Newcastle Utd
805,1,1,2023-11-04,Newcastle United,Arsenal,W,Newcastle Utd
806,0,1,2023-11-11,Newcastle United,Bournemouth,L,Newcastle Utd
807,1,0,2023-11-25,Newcastle United,Chelsea,W,Newcastle Utd
808,1,0,2023-12-02,Newcastle United,Manchester Utd,W,Newcastle Utd
809,0,0,2023-12-07,Newcastle United,Everton,L,Newcastle Utd
810,0,1,2023-12-10,Newcastle United,Tottenham,L,Newcastle Utd
811,1,0,2023-12-16,Newcastle United,Fulham,W,Newcastle Utd
812,0,0,2023-12-23,Newcastle United,Luton Town,L,Newcastle Utd
813,0,1,2023-12-26,Newcastle United,Nott'ham Forest,L,Newcastle Utd
814,0,0,2024-01-01,Newcastle United,Liverpool,L,Newcastle Utd
840,0,0,2023-04-04,Nottingham Forest,Leeds United,L,Nottingham Forest
841,0,0,2023-04-08,Nottingham Forest,Aston Villa,L,Nottingham Forest
842,0,0,2023-04-16,Nottingham Forest,Manchester Utd,L,Nottingham Forest
843,0,0,2023-04-22,Nottingham Forest,Liverpool,L,Nottingham Forest
844,1,0,2023-04-26,Nottingham Forest,Brighton,W,Nottingham Forest
845,0,0,2023-04-29,Nottingham Forest,Brentford,L,Nottingham Forest
846,1,0,2023-05-08,Nottingham Forest,Southampton,W,Nottingham Forest
847,0,0,2023-05-13,Nottingham Forest,Chelsea,D,Nottingham Forest
848,1,0,2023-05-20,Nottingham Forest,Arsenal,W,Nottingham Forest
849,0,1,2023-05-28,Nottingham Forest,Crystal Palace,D,Nottingham Forest
850,0,0,2023-08-12,Nottingham Forest,Arsenal,L,Nottingham Forest
851,1,0,2023-08-18,Nottingham Forest,Sheffield Utd,W,Nottingham Forest
852,0,0,2023-08-26,Nottingham Forest,Manchester Utd,L,Nottingham Forest
853,1,0,2023-09-02,Nottingham Forest,Chelsea,W,Nottingham Forest
854,0,0,2023-09-18,Nottingham Forest,Burnley,D,Nottingham Forest
855,0,0,2023-09-23,Nottingham Forest,Manchester City,L,Nottingham Forest
856,0,0,2023-10-01,Nottingham Forest,Brentford,D,Nottingham Forest
857,0,0,2023-10-07,Nottingham Forest,Crystal Palace,D,Nottingham Forest
858,0,0,2023-10-21,Nottingham Forest,Luton Town,D,Nottingham Forest
859,0,0,2023-10-29,Nottingham Forest,Liverpool,L,Nottingham Forest
860,1,0,2023-11-05,Nottingham Forest,Aston Villa,W,Nottingham Forest
861,0,0,2023-11-12,Nottingham Forest,West Ham,L,Nottingham Forest
862,0,0,2023-11-25,Nottingham Forest,Brighton,L,Nottingham Forest
863,0,1,2023-12-02,Nottingham Forest,Everton,L,Nottingham Forest
864,0,0,2023-12-06,Nottingham Forest,Fulham,L,Nottingham Forest
865,0,0,2023-12-09,Nottingham Forest,Wolves,D,Nottingham Forest
866,0,0,2023-12-15,Nottingham Forest,Tottenham,L,Nottingham Forest
867,0,0,2023-12-23,Nottingham Forest,Bournemouth,L,Nottingham Forest
868,1,0,2023-12-26,Nottingham Forest,Newcastle Utd,W,Nottingham Forest
869,1,0,2023-12-30,Nottingham Forest,Manchester Utd,W,Nottingham Forest
870,0,0,2023-09-02,Sheffield United,Everton,D,Sheffield United
871,0,0,2023-09-16,Sheffield United,Tottenham,L,Sheffield United
872,0,0,2023-09-24,Sheffield United,Newcastle Utd,L,Sheffield United
873,0,0,2023-09-30,Sheffield United,West Ham,L,Sheffield United
874,0,0,2023-10-07,Sheffield United,Fulham,L,Sheffield United
875,0,0,2023-10-21,Sheffield United,Manchester Utd,L,Sheffield United
876,0,0,2023-10-28,Sheffield United,Arsenal,L,Sheffield United
877,1,0,2023-11-04,Sheffield United,Wolves,W,Sheffield United
878,0,0,2023-11-12,Sheffield United,Brighton,D,Sheffield United
879,0,0,2023-11-25,Sheffield United,Bournemouth,L,Sheffield United
880,0,0,2023-12-02,Sheffield United,Burnley,L,Sheffield United
881,0,0,2023-12-06,Sheffield United,Liverpool,L,Sheffield United
882,1,0,2023-12-09,Sheffield United,Brentford,W,Sheffield United
883,0,0,2023-12-16,Sheffield United,Chelsea,L,Sheffield United
884,0,0,2023-12-22,Sheffield United,Aston Villa,D,Sheffield United
885,0,0,2023-12-26,Sheffield United,Luton Town,L,Sheffield United
886,0,0,2023-12-30,Sheffield United,Manchester City,L,Sheffield United
912,0,0,2023-04-02,Southampton,West Ham,L,Southampton
913,0,0,2023-04-08,Southampton,Manchester City,L,Southampton
914,0,0,2023-04-15,Southampton,Crystal Palace,L,Southampton
915,0,0,2023-04-21,Southampton,Arsenal,D,Southampton
916,0,0,2023-04-27,Southampton,Bournemouth,L,Southampton
917,0,0,2023-04-30,Southampton,Newcastle Utd,L,Southampton
918,0,0,2023-05-08,Southampton,Nott'ham Forest,L,Southampton
919,0,1,2023-05-13,Southampton,Fulham,L,Southampton
920,0,0,2023-05-21,Southampton,Brighton,L,Southampton
921,0,0,2023-05-28,Southampton,Liverpool,D,Southampton
947,0,1,2023-04-03,Tottenham Hotspur,Everton,D,Tottenham
948,1,1,2023-04-08,Tottenham Hotspur,Brighton,W,Tottenham
949,0,1,2023-04-15,Tottenham Hotspur,Bournemouth,L,Tottenham
950,0,0,2023-04-23,Tottenham Hotspur,Newcastle Utd,L,Tottenham
951,0,0,2023-04-27,Tottenham Hotspur,Manchester Utd,D,Tottenham
952,0,0,2023-04-30,Tottenham Hotspur,Liverpool,L,Tottenham
953,1,0,2023-05-06,Tottenham Hotspur,Crystal Palace,W,Tottenham
954,0,0,2023-05-13,Tottenham Hotspur,Aston Villa,L,Tottenham
955,0,0,2023-05-20,Tottenham Hotspur,Brentford,L,Tottenham
956,1,0,2023-05-28,Tottenham Hotspur,Leeds United,W,Tottenham
957,0,1,2023-08-13,Tottenham Hotspur,Brentford,D,Tottenham
958,1,1,2023-08-19,Tottenham Hotspur,Manchester Utd,W,Tottenham
959,1,0,2023-08-26,Tottenham Hotspur,Bournemouth,W,Tottenham
960,1,0,2023-09-02,Tottenham Hotspur,Burnley,W,Tottenham
961,1,1,2023-09-16,Tottenham Hotspur,Sheffield Utd,W,Tottenham
962,0,0,2023-09-24,Tottenham Hotspur,Arsenal,D,Tottenham
963,1,1,2023-09-30,Tottenham Hotspur,Liverpool,W,Tottenham
964,1,0,2023-10-07,Tottenham Hotspur,Luton Town,W,Tottenham
965,1,1,2023-10-23,Tottenham Hotspur,Fulham,W,Tottenham
966,1,0,2023-10-27,Tottenham Hotspur,Crystal Palace,W,Tottenham
967,0,0,2023-11-06,Tottenham Hotspur,Chelsea,L,Tottenham
968,0,0,2023-11-11,Tottenham Hotspur,Wolves,L,Tottenham
969,0,0,2023-11-26,Tottenham Hotspur,Aston Villa,L,Tottenham
970,0,0,2023-12-03,Tottenham Hotspur,Manchester City,D,Tottenham
971,0,0,2023-12-07,Tottenham Hotspur,West Ham,L,Tottenham
972,1,0,2023-12-10,Tottenham Hotspur,Newcastle Utd,W,Tottenham
973,1,0,2023-12-15,Tottenham Hotspur,Nott'ham Forest,W,Tottenham
974,1,1,2023-12-23,Tottenham Hotspur,Everton,W,Tottenham
975,0,1,2023-12-28,Tottenham Hotspur,Brighton,L,Tottenham
976,1,0,2023-12-31,Tottenham Hotspur,Bournemouth,W,Tottenham
1000,1,1,2023-04-02,West Ham United,Southampton,W,West Ham
1001,0,0,2023-04-05,West Ham United,Newcastle Utd,L,West Ham
1002,1,0,2023-04-08,West Ham United,Fulham,W,West Ham
1003,0,0,2023-04-16,West Ham United,Arsenal,D,West Ham
1004,1,0,2023-04-23,West Ham United,Bournemouth,W,West Ham
1005,0,1,2023-04-26,West Ham United,Liverpool,L,West Ham
1006,0,0,2023-04-29,West Ham United,Crystal Palace,L,West Ham
1007,0,0,2023-05-03,West Ham United,Manchester City,L,West Ham
1008,1,0,2023-05-07,West Ham United,Manchester Utd,W,West Ham
1009,0,0,2023-05-14,West Ham United,Brentford,L,West Ham
1010,1,0,2023-05-21,West Ham United,Leeds United,W,West Ham
1011,0,0,2023-05-28,West Ham United,Leicester City,L,West Ham
1012,0,0,2023-08-12,West Ham United,Bournemouth,D,West Ham
1013,1,1,2023-08-20,West Ham United,Chelsea,W,West Ham
1014,1,0,2023-08-26,West Ham United,Brighton,W,West Ham
1015,1,0,2023-09-01,West Ham United,Luton Town,W,West Ham
1016,0,1,2023-09-16,West Ham United,Manchester City,L,West Ham
1017,0,0,2023-09-24,West Ham United,Liverpool,L,West Ham
1018,1,0,2023-09-30,West Ham United,Sheffield Utd,W,West Ham
1019,0,1,2023-10-08,West Ham United,Newcastle Utd,D,West Ham
1020,0,0,2023-10-22,West Ham United,Aston Villa,L,West Ham
1021,0,0,2023-10-29,West Ham United,Everton,L,West Ham
1022,0,0,2023-11-04,West Ham United,Brentford,L,West Ham
1023,1,0,2023-11-12,West Ham United,Nott'ham Forest,W,West Ham
1024,1,0,2023-11-25,West Ham United,Burnley,W,West Ham
1025,0,1,2023-12-03,West Ham United,Crystal Palace,D,West Ham
1026,1,0,2023-12-07,West Ham United,Tottenham,W,West Ham
1027,0,0,2023-12-10,West Ham United,Fulham,L,West Ham
1028,1,0,2023-12-17,West Ham United,Wolves,W,West Ham
1029,1,0,2023-12-23,West Ham United,Manchester Utd,W,West Ham
1030,1,0,2023-12-28,West Ham United,Arsenal,W,West Ham
1031,0,0,2024-01-02,West Ham United,Brighton,D,West Ham
1058,1,0,2023-04-08,Wolverhampton Wanderers,Chelsea,W,Wolves
1059,1,0,2023-04-15,Wolverhampton Wanderers,Brentford,W,Wolves
1060,0,0,2023-04-22,Wolverhampton Wanderers,Leicester City,L,Wolves
1061,1,1,2023-04-25,Wolverhampton Wanderers,Crystal Palace,W,Wolves
1062,0,0,2023-04-29,Wolverhampton Wanderers,Brighton,L,Wolves
1063,1,0,2023-05-06,Wolverhampton Wanderers,Aston Villa,W,Wolves
1064,0,0,2023-05-13,Wolverhampton Wanderers,Manchester Utd,L,Wolves
1065,0,0,2023-05-20,Wolverhampton Wanderers,Everton,D,Wolves
1066,0,0,2023-05-28,Wolverhampton Wanderers,Arsenal,L,Wolves
1067,0,0,2023-08-14,Wolverhampton Wanderers,Manchester Utd,L,Wolves
1068,0,0,2023-08-19,Wolverhampton Wanderers,Brighton,L,Wolves
1069,1,0,2023-08-26,Wolverhampton Wanderers,Everton,W,Wolves
1070,0,0,2023-09-03,Wolverhampton Wanderers,Crystal Palace,L,Wolves
1071,0,0,2023-09-16,Wolverhampton Wanderers,Liverpool,L,Wolves
1072,0,0,2023-09-23,Wolverhampton Wanderers,Luton Town,D,Wolves
1073,1,0,2023-09-30,Wolverhampton Wanderers,Manchester City,W,Wolves
1074,0,0,2023-10-08,Wolverhampton Wanderers,Aston Villa,D,Wolves
1075,1,0,2023-10-21,Wolverhampton Wanderers,Bournemouth,W,Wolves
1076,0,0,2023-10-28,Wolverhampton Wanderers,Newcastle Utd,D,Wolves
1077,0,0,2023-11-04,Wolverhampton Wanderers,Sheffield Utd,L,Wolves
1078,1,0,2023-11-11,Wolverhampton Wanderers,Tottenham,W,Wolves
1079,0,0,2023-11-27,Wolverhampton Wanderers,Fulham,L,Wolves
1080,0,0,2023-12-02,Wolverhampton Wanderers,Arsenal,L,Wolves
1081,1,1,2023-12-05,Wolverhampton Wanderers,Burnley,W,Wolves
1082,0,1,2023-12-09,Wolverhampton Wanderers,Nott'ham Forest,D,Wolves
1083,0,0,2023-12-17,Wolverhampton Wanderers,West Ham,L,Wolves
1084,1,0,2023-12-24,Wolverhampton Wanderers,Chelsea,W,Wolves
1085,1,0,2023-12-27,Wolverhampton Wanderers,Brentford,W,Wolves
1086,1,0,2023-12-30,Wolverhampton Wanderers,Everton,W,Wolves
